{
  "1d_properties": {
    "alpha_opt": 0.4292929292929294,
    "loss_opt": 1.9924015045166015,
    "curvature": 162.76252396702816
  },
  "2d_properties": {
    "alpha_opt": 0.06896551724137945,
    "beta_opt": -0.896551724137931,
    "loss_opt": 1.9922346194585165
  },
  "interaction": {
    "rms": 8.02464909439227,
    "r_squared": 0.6557665984213827
  },
  "predictions": {
    "independent": [
      0.4292929292929294,
      0.4292929292929294
    ],
    "opposing": [
      0.4292929292929294,
      -0.4292929292929294
    ],
    "conservative": [
      0.2146464646464647,
      -0.2146464646464647
    ]
  },
  "prediction_errors": {
    "independent": 1.3739359114991376,
    "opposing": 0.590056459362806,
    "conservative": 0.6972931387579884
  }
}